i,similitud,distancia,texto_origen,texto_destino,texto_origen_n,texto_destino_n
0,completa,0,Capítulo I,Capítulo I,10,10
1,completa,0,BASES DE LA INSTITUCIONALIDAD,BASES DE LA INSTITUCIONALIDAD,29,29
"","","","","","",""
3,completa,0,La familia es el núcleo fundamental de la sociedad.,La familia es el núcleo fundamental de la sociedad.,51,51
4,completa,0,El Estado reconoce y ampara a los grupos intermedios a través de los cuales se organiza y estructura la sociedad y les garantiza la adecuada autonomía para cumplir sus propios fines específicos.,El Estado reconoce y ampara a los grupos intermedios a través de los cuales se organiza y estructura la sociedad y les garantiza la adecuada autonomía para cumplir sus propios fines específicos.,194,194
5,completa,0,"El Estado está al servicio de la persona humana y su finalidad es promover el bien común, para lo cual debe contribuir a crear las condiciones sociales que permitan a todos y a cada uno de los integrantes de la comunidad nacional su mayor realización espiritual y material posible, con pleno respeto a los derechos y garantías que esta Constitución establece.","El Estado está al servicio de la persona humana y su finalidad es promover el bien común, para lo cual debe contribuir a crear las condiciones sociales que permitan a todos y a cada uno de los integrantes de la comunidad nacional su mayor realización espiritual y material posible, con pleno respeto a los derechos y garantías que esta Constitución establece.",359,359
6,completa,0,"Es deber del Estado resguardar la seguridad nacional, dar protección a la población y a la familia, propender al fortalecimiento de ésta, promover la integración armónica de todos los sectores de la Nación y asegurar el derecho de las personas a participar con igualdad de oportunidades en la vida nacional.","Es deber del Estado resguardar la seguridad nacional, dar protección a la población y a la familia, propender al fortalecimiento de ésta, promover la integración armónica de todos los sectores de la Nación y asegurar el derecho de las personas a participar con igualdad de oportunidades en la vida nacional.",307,307
7,completa,0,"Artículo 2º.- Son emblemas nacionales la bandera nacional, el escudo de armas de la República y el himno nacional.","Artículo 2º.- Son emblemas nacionales la bandera nacional, el escudo de armas de la República y el himno nacional.",114,114
"","","","","","",""
9,completa,0,Artículo 4º.- Chile es una república democrática.,Artículo 4º.- Chile es una república democrática.,49,49
10,completa,0,"Artículo 5º.- La soberanía reside esencialmente en la Nación. Su ejercicio se realiza por el pueblo a través del plebiscito y de elecciones periódicas y, también, por las autoridades que esta Constitución establece. Ningún sector del pueblo ni individuo alguno puede atribuirse su ejercicio.","Artículo 5º.- La soberanía reside esencialmente en la Nación. Su ejercicio se realiza por el pueblo a través del plebiscito y de elecciones periódicas y, también, por las autoridades que esta Constitución establece. Ningún sector del pueblo ni individuo alguno puede atribuirse su ejercicio.",291,291
"","","","","","",""
"","","","","","",""
13,completa,0,"Los preceptos de esta Constitución obligan tanto a los titulares o integrantes de dichos órganos como a toda persona, institución o grupo.","Los preceptos de esta Constitución obligan tanto a los titulares o integrantes de dichos órganos como a toda persona, institución o grupo.",138,138
14,completa,0,La infracción de esta norma generará las responsabilidades y sanciones que determine la ley.,La infracción de esta norma generará las responsabilidades y sanciones que determine la ley.,92,92
15,completa,0,"Artículo 7º.- Los órganos del Estado actúan válidamente previa investidura regular de sus integrantes, dentro de su competencia y en la forma que prescriba la ley.","Artículo 7º.- Los órganos del Estado actúan válidamente previa investidura regular de sus integrantes, dentro de su competencia y en la forma que prescriba la ley.",163,163
16,completa,0,"Ninguna magistratura, ninguna persona ni grupo de personas pueden atribuirse, ni aun a pretexto de circunstancias extraordinarias, otra autoridad o derechos que los que expresamente se les hayan conferido en virtud de la Constitución o las leyes.","Ninguna magistratura, ninguna persona ni grupo de personas pueden atribuirse, ni aun a pretexto de circunstancias extraordinarias, otra autoridad o derechos que los que expresamente se les hayan conferido en virtud de la Constitución o las leyes.",246,246
17,completa,0,Todo acto en contravención a este artículo es nulo y originará las responsabilidades y sanciones que la ley señale.,Todo acto en contravención a este artículo es nulo y originará las responsabilidades y sanciones que la ley señale.,115,115
"","","","","","",""
"","","","","","",""
"","","","","","",""
"","","","","","",""
"","","","","","",""
"","","","","","",""
24,completa,0,"Artículo 9º.- El terrorismo, en cualquiera de sus formas, es por esencia contrario a los derechos humanos.","Artículo 9º.- El terrorismo, en cualquiera de sus formas, es por esencia contrario a los derechos humanos.",106,106
"","","","","","",""
"","","","","","",""
27,completa,0,Capítulo II,Capítulo II,11,11
"","","","","","",""
29,completa,0,Artículo 10.- Son chilenos:,Artículo 10.- Son chilenos:,27,27
30,completa,0,"1º.- Los nacidos en el territorio de Chile, con excepción de los hijos de extranjeros que se encuentren en Chile en servicio de su Gobierno, y de los hijos de extranjeros transeúntes, todos los que, sin embargo, podrán optar por la nacionalidad chilena;","1º.- Los nacidos en el territorio de Chile, con excepción de los hijos de extranjeros que se encuentren en Chile en servicio de su Gobierno, y de los hijos de extranjeros transeúntes, todos los que, sin embargo, podrán optar por la nacionalidad chilena;",253,253
"","","","","","",""
"","","","","","",""
"","","","","","",""
"","","","","","",""
35,completa,0,"La ley reglamentará los procedimientos de opción por la nacionalidad chilena; de otorgamiento, negativa y cancelación de las cartas de nacionalización, y la formación de un registro de todos estos actos.","La ley reglamentará los procedimientos de opción por la nacionalidad chilena; de otorgamiento, negativa y cancelación de las cartas de nacionalización, y la formación de un registro de todos estos actos.",203,203
36,completa,0,Artículo 11.- La nacionalidad chilena se pierde:,Artículo 11.- La nacionalidad chilena se pierde:,48,48
"","","","","","",""
"","","","","","",""
39,completa,0,"2º.- Por decreto supremo, en caso de prestación de servicios durante una guerra exterior a enemigos de Chile o de sus aliados;","2º.- Por decreto supremo, en caso de prestación de servicios durante una guerra exterior a enemigos de Chile o de sus aliados;",126,126
"","","","","","",""
"","","","","","",""
"","","","","","",""
43,completa,0,"Los que hubieren perdido la nacionalidad chilena por cualquiera de las causales establecidas en este artículo, sólo podrán ser rehabilitados por ley.","Los que hubieren perdido la nacionalidad chilena por cualquiera de las causales establecidas en este artículo, sólo podrán ser rehabilitados por ley.",149,149
44,completa,0,"Artículo 12.- La persona afectada por acto o resolución de autoridad administrativa que la prive de su nacionalidad chilena o se la desconozca, podrá recurrir, por sí o por cualquiera a su nombre, dentro del plazo de treinta días, ante la Corte Suprema, la que conocerá como jurado y en tribunal pleno. La interposición del recurso suspenderá los efectos del acto o resolución recurridos.","Artículo 12.- La persona afectada por acto o resolución de autoridad administrativa que la prive de su nacionalidad chilena o se la desconozca, podrá recurrir, por sí o por cualquiera a su nombre, dentro del plazo de treinta días, ante la Corte Suprema, la que conocerá como jurado y en tribunal pleno. La interposición del recurso suspenderá los efectos del acto o resolución recurridos.",388,388
45,completa,0,Artículo 13.- Son ciudadanos los chilenos que hayan cumplido dieciocho años de edad y que no hayan sido condenados a pena aflictiva.,Artículo 13.- Son ciudadanos los chilenos que hayan cumplido dieciocho años de edad y que no hayan sido condenados a pena aflictiva.,132,132
46,completa,0,"La calidad de ciudadano otorga los derechos de sufragio, de optar a cargos de elección popular y los demás que la Constitución o la ley confieran.","La calidad de ciudadano otorga los derechos de sufragio, de optar a cargos de elección popular y los demás que la Constitución o la ley confieran.",146,146
47,completa,0,"Artículo 14.- Los extranjeros avecindados en Chile por más de cinco años, y que cumplan con los requisitos señalados en el inciso primero del artículo 13, podrán ejercer el derecho de sufragio en los casos y formas que determine la ley.","Artículo 14.- Los extranjeros avecindados en Chile por más de cinco años, y que cumplan con los requisitos señalados en el inciso primero del artículo 13, podrán ejercer el derecho de sufragio en los casos y formas que determine la ley.",236,236
"","","","","","",""
49,completa,0,Sólo podrá convocarse a votación popular para las elecciones y plebiscitos expresamente previstos en esta Constitución.,Sólo podrá convocarse a votación popular para las elecciones y plebiscitos expresamente previstos en esta Constitución.,119,119
50,completa,0,Artículo 16.- El derecho de sufragio se suspende:,Artículo 16.- El derecho de sufragio se suspende:,49,49
51,completa,0,1º.- Por interdicción en caso de demencia;,1º.- Por interdicción en caso de demencia;,42,42
"","","","","","",""
"","","","","","",""
54,completa,0,Artículo 17.- La calidad de ciudadano se pierde:,Artículo 17.- La calidad de ciudadano se pierde:,48,48
55,completa,0,1º.- Por pérdida de la nacionalidad chilena;,1º.- Por pérdida de la nacionalidad chilena;,44,44
56,completa,0,"2º.- Por condena a pena aflictiva, y","2º.- Por condena a pena aflictiva, y",36,36
"","","","","","",""
"","","","","","",""
"","","","","","",""
60,completa,0,El resguardo del orden público durante los actos electorales y plebiscitarios corresponderá a las Fuerzas Armadas y Carabineros del modo que indique la ley.,El resguardo del orden público durante los actos electorales y plebiscitarios corresponderá a las Fuerzas Armadas y Carabineros del modo que indique la ley.,156,156
"","","","","","",""
62,completa,0,Artículo 19.- La Constitución asegura a todas las personas:,Artículo 19.- La Constitución asegura a todas las personas:,59,59
63,completa,0,1º.- El derecho a la vida y a la integridad física y psíquica de la persona.,1º.- El derecho a la vida y a la integridad física y psíquica de la persona.,76,76
64,completa,0,La ley protege la vida del que está por nacer.,La ley protege la vida del que está por nacer.,46,46
65,completa,0,La pena de muerte sólo podrá establecerse por delito contemplado en ley aprobada con quórum calificado.,La pena de muerte sólo podrá establecerse por delito contemplado en ley aprobada con quórum calificado.,103,103
66,completa,0,Se prohíbe la aplicación de todo apremio ilegítimo;,Se prohíbe la aplicación de todo apremio ilegítimo;,51,51
"","","","","","",""
68,completa,0,Ni la ley ni autoridad alguna podrán establecer diferencias arbitrarias;,Ni la ley ni autoridad alguna podrán establecer diferencias arbitrarias;,72,72
69,completa,0,3º.- La igual protección de la ley en el ejercicio de sus derechos.,3º.- La igual protección de la ley en el ejercicio de sus derechos.,67,67
70,completa,0,"Toda persona tiene derecho a defensa jurídica en la forma que la ley señale y ninguna autoridad o individuo podrá impedir, restringir o perturbar la debida intervención del letrado si hubiere sido requerida. Tratándose de los integrantes de las Fuerzas Armadas y de Orden y Seguridad Pública, este derecho se regirá, en lo concerniente a lo administrativo y disciplinario, por las normas pertinentes de sus respectivos estatutos.","Toda persona tiene derecho a defensa jurídica en la forma que la ley señale y ninguna autoridad o individuo podrá impedir, restringir o perturbar la debida intervención del letrado si hubiere sido requerida. Tratándose de los integrantes de las Fuerzas Armadas y de Orden y Seguridad Pública, este derecho se regirá, en lo concerniente a lo administrativo y disciplinario, por las normas pertinentes de sus respectivos estatutos.",429,429
"","","","","","",""
"","","","","","",""
"","","","","","",""
"","","","","","",""
75,completa,0,Ninguna ley podrá establecer penas sin que la conducta que se sanciona esté expresamente descrita en ella;,Ninguna ley podrá establecer penas sin que la conducta que se sanciona esté expresamente descrita en ella;,106,106
"","","","","","",""
"","","","","","",""
"","","","","","",""
79,completa,0,"5º.- La inviolabilidad del hogar y de toda forma de comunicación privada. El hogar sólo puede allanarse y las comunicaciones y documentos privados interceptarse, abrirse o registrarse en los casos y formas determinados por la ley;","5º.- La inviolabilidad del hogar y de toda forma de comunicación privada. El hogar sólo puede allanarse y las comunicaciones y documentos privados interceptarse, abrirse o registrarse en los casos y formas determinados por la ley;",230,230
80,completa,0,"6º.- La libertad de conciencia, la manifestación de todas las creencias y el ejercicio libre de todos los cultos que no se opongan a la moral, a las buenas costumbres o al orden público.","6º.- La libertad de conciencia, la manifestación de todas las creencias y el ejercicio libre de todos los cultos que no se opongan a la moral, a las buenas costumbres o al orden público.",186,186
81,completa,0,Las confesiones religiosas podrán erigir y conservar templos y sus dependencias bajo las condiciones de seguridad e higiene fijadas por las leyes y ordenanzas.,Las confesiones religiosas podrán erigir y conservar templos y sus dependencias bajo las condiciones de seguridad e higiene fijadas por las leyes y ordenanzas.,159,159
"","","","","","",""
83,completa,0,7º.- El derecho a la libertad personal y a la seguridad individual.,7º.- El derecho a la libertad personal y a la seguridad individual.,67,67
84,completa,0,En consecuencia:,En consecuencia:,16,16
85,completa,0,"a) Toda persona tiene derecho de residir y permanecer en cualquier lugar de la República, trasladarse de uno a otro y entrar y salir de su territorio, a condición de que se guarden las normas establecidas en la ley y salvo siempre el perjuicio de terceros;","a) Toda persona tiene derecho de residir y permanecer en cualquier lugar de la República, trasladarse de uno a otro y entrar y salir de su territorio, a condición de que se guarden las normas establecidas en la ley y salvo siempre el perjuicio de terceros;",256,256
86,completa,0,b) Nadie puede ser privado de su libertad personal ni ésta restringida sino en los casos y en la forma determinados por la Constitución y las leyes;,b) Nadie puede ser privado de su libertad personal ni ésta restringida sino en los casos y en la forma determinados por la Constitución y las leyes;,148,148
87,completa,0,"c) Nadie puede ser arrestado o detenido sino por orden de funcionario público expresamente facultado por la ley y después de que dicha orden le sea intimada en forma legal. Sin embargo, podrá ser detenido el que fuere sorprendido en delito flagrante, con el solo objeto de ser puesto a disposición del juez competente dentro de las veinticuatro horas siguientes.","c) Nadie puede ser arrestado o detenido sino por orden de funcionario público expresamente facultado por la ley y después de que dicha orden le sea intimada en forma legal. Sin embargo, podrá ser detenido el que fuere sorprendido en delito flagrante, con el solo objeto de ser puesto a disposición del juez competente dentro de las veinticuatro horas siguientes.",362,362
"","","","","","",""
89,completa,0,"d) Nadie puede ser arrestado o detenido, sujeto a prisión preventiva o preso, sino en su casa o en lugares públicos destinados a este objeto.","d) Nadie puede ser arrestado o detenido, sujeto a prisión preventiva o preso, sino en su casa o en lugares públicos destinados a este objeto.",141,141
90,completa,0,"Los encargados de las prisiones no pueden recibir en ellas a nadie en calidad de arrestado o detenido, procesado o preso, sin dejar constancia de la orden correspondiente, emanada de autoridad que tenga facultad legal, en un registro que será público.","Los encargados de las prisiones no pueden recibir en ellas a nadie en calidad de arrestado o detenido, procesado o preso, sin dejar constancia de la orden correspondiente, emanada de autoridad que tenga facultad legal, en un registro que será público.",251,251
91,completa,0,"Ninguna incomunicación puede impedir que el funcionario encargado de la casa de detención visite al arrestado o detenido, procesado o preso, que se encuentre en ella. Este funcionario está obligado, siempre que el arrestado o detenido lo requiera, a transmitir al juez competente la copia de la orden de detención, o a reclamar para que se le dé dicha copia, o a dar él mismo un certificado de hallarse detenido aquel individuo, si al tiempo de su detención se hubiere omitido este requisito;","Ninguna incomunicación puede impedir que el funcionario encargado de la casa de detención visite al arrestado o detenido, procesado o preso, que se encuentre en ella. Este funcionario está obligado, siempre que el arrestado o detenido lo requiera, a transmitir al juez competente la copia de la orden de detención, o a reclamar para que se le dé dicha copia, o a dar él mismo un certificado de hallarse detenido aquel individuo, si al tiempo de su detención se hubiere omitido este requisito;",492,492
"","","","","","",""
"","","","","","",""
94,completa,0,"g) No podrá imponerse la pena de confiscación de bienes, sin perjuicio del comiso en los casos establecidos por las leyes; pero dicha pena será procedente respecto de las asociaciones ilícitas;","g) No podrá imponerse la pena de confiscación de bienes, sin perjuicio del comiso en los casos establecidos por las leyes; pero dicha pena será procedente respecto de las asociaciones ilícitas;",193,193
95,completa,0,"h) No podrá aplicarse como sanción la pérdida de los derechos previsionales, e","h) No podrá aplicarse como sanción la pérdida de los derechos previsionales, e",78,78
96,completa,0,"i) Una vez dictado sobreseimiento definitivo o sentencia absolutoria, el que hubiere sido sometido a proceso o condenado en cualquier instancia por resolución que la Corte Suprema declare injustificadamente errónea o arbitraria, tendrá derecho a ser indemnizado por el Estado de los perjuicios patrimoniales y morales que haya sufrido. La indemnización será determinada judicialmente en procedimiento breve y sumario y en él la prueba se apreciará en conciencia;","i) Una vez dictado sobreseimiento definitivo o sentencia absolutoria, el que hubiere sido sometido a proceso o condenado en cualquier instancia por resolución que la Corte Suprema declare injustificadamente errónea o arbitraria, tendrá derecho a ser indemnizado por el Estado de los perjuicios patrimoniales y morales que haya sufrido. La indemnización será determinada judicialmente en procedimiento breve y sumario y en él la prueba se apreciará en conciencia;",462,462
97,completa,0,8º.- El derecho a vivir en un medio ambiente libre de contaminación. Es deber del Estado velar para que este derecho no sea afectado y tutelar la preservación de la naturaleza.,8º.- El derecho a vivir en un medio ambiente libre de contaminación. Es deber del Estado velar para que este derecho no sea afectado y tutelar la preservación de la naturaleza.,176,176
98,completa,0,La ley podrá establecer restricciones específicas al ejercicio de determinados derechos o libertades para proteger el medio ambiente;,La ley podrá establecer restricciones específicas al ejercicio de determinados derechos o libertades para proteger el medio ambiente;,133,133
99,completa,0,9º.- El derecho a la protección de la salud.,9º.- El derecho a la protección de la salud.,44,44
"","","","","","",""
101,completa,0,"Es deber preferente del Estado garantizar la ejecución de las acciones de salud, sea que se presten a través de instituciones públicas o privadas, en la forma y condiciones que determine la ley, la que podrá establecer cotizaciones obligatorias.","Es deber preferente del Estado garantizar la ejecución de las acciones de salud, sea que se presten a través de instituciones públicas o privadas, en la forma y condiciones que determine la ley, la que podrá establecer cotizaciones obligatorias.",245,245
102,completa,0,"Cada persona tendrá el derecho a elegir el sistema de salud al que desee acogerse, sea éste estatal o privado;","Cada persona tendrá el derecho a elegir el sistema de salud al que desee acogerse, sea éste estatal o privado;",110,110
103,completa,0,10º.- El derecho a la educación.,10º.- El derecho a la educación.,32,32
104,completa,0,La educación tiene por objeto el pleno desarrollo de la persona en las distintas etapas de su vida.,La educación tiene por objeto el pleno desarrollo de la persona en las distintas etapas de su vida.,99,99
105,completa,0,Los padres tienen el derecho preferente y el deber de educar a sus hijos. Corresponderá al Estado otorgar especial protección al ejercicio de este derecho.,Los padres tienen el derecho preferente y el deber de educar a sus hijos. Corresponderá al Estado otorgar especial protección al ejercicio de este derecho.,155,155
"","","","","","",""
107,completa,0,"Corresponderá al Estado, asimismo, fomentar el desarrollo de la educación en todos sus niveles; estimular la investigación científica y tecnológica, la creación artística y la protección e incremento del patrimonio cultural de la Nación.","Corresponderá al Estado, asimismo, fomentar el desarrollo de la educación en todos sus niveles; estimular la investigación científica y tecnológica, la creación artística y la protección e incremento del patrimonio cultural de la Nación.",237,237
"","","","","","",""
109,completa,0,"11º.- La libertad de enseñanza incluye el derecho de abrir, organizar y mantener establecimientos educacionales.","11º.- La libertad de enseñanza incluye el derecho de abrir, organizar y mantener establecimientos educacionales.",112,112
110,completa,0,"La libertad de enseñanza no tiene otras limitaciones que las impuestas por la moral, las buenas costumbres, el orden público y la seguridad nacional.","La libertad de enseñanza no tiene otras limitaciones que las impuestas por la moral, las buenas costumbres, el orden público y la seguridad nacional.",149,149
111,completa,0,La enseñanza reconocida oficialmente no podrá orientarse a propagar tendencia político partidista alguna.,La enseñanza reconocida oficialmente no podrá orientarse a propagar tendencia político partidista alguna.,105,105
112,completa,0,Los padres tienen el derecho de escoger el establecimiento de enseñanza para sus hijos.,Los padres tienen el derecho de escoger el establecimiento de enseñanza para sus hijos.,87,87
113,completa,0,"Una ley orgánica constitucional establecerá los requisitos mínimos que deberán exigirse en cada uno de los niveles de la enseñanza básica y media y señalará las normas objetivas, de general aplicación, que permitan al Estado velar por su cumplimiento. Dicha ley, del mismo modo, establecerá los requisitos para el reconocimiento oficial de los establecimientos educacionales de todo nivel;","Una ley orgánica constitucional establecerá los requisitos mínimos que deberán exigirse en cada uno de los niveles de la enseñanza básica y media y señalará las normas objetivas, de general aplicación, que permitan al Estado velar por su cumplimiento. Dicha ley, del mismo modo, establecerá los requisitos para el reconocimiento oficial de los establecimientos educacionales de todo nivel;",389,389
114,completa,0,"12º.- La libertad de emitir opinión y la de informar, sin censura previa, en cualquier forma y por cualquier medio, sin perjuicio de responder de los delitos y abusos que se cometan en el ejercicio de estas libertades, en conformidad a la ley, la que deberá ser de quórum calificado.","12º.- La libertad de emitir opinión y la de informar, sin censura previa, en cualquier forma y por cualquier medio, sin perjuicio de responder de los delitos y abusos que se cometan en el ejercicio de estas libertades, en conformidad a la ley, la que deberá ser de quórum calificado.",283,283
115,completa,0,La ley en ningún caso podrá establecer monopolio estatal sobre los medios de comunicación social.,La ley en ningún caso podrá establecer monopolio estatal sobre los medios de comunicación social.,97,97
116,completa,0,"Toda persona natural o jurídica ofendida o injustamente aludida por algún medio de comunicación social, tiene derecho a que su declaración o rectificación sea gratuitamente difundida, en las condiciones que la ley determine, por el medio de comunicación social en que esa información hubiera sido emitida.","Toda persona natural o jurídica ofendida o injustamente aludida por algún medio de comunicación social, tiene derecho a que su declaración o rectificación sea gratuitamente difundida, en las condiciones que la ley determine, por el medio de comunicación social en que esa información hubiera sido emitida.",305,305
117,completa,0,"Toda persona natural o jurídica tiene el derecho de fundar, editar y mantener diarios, revistas y periódicos, en las condiciones que señale la ley.","Toda persona natural o jurídica tiene el derecho de fundar, editar y mantener diarios, revistas y periódicos, en las condiciones que señale la ley.",147,147
118,completa,0,"El Estado, aquellas universidades y demás personas o entidades que la ley determine, podrán establecer, operar y mantener estaciones de televisión.","El Estado, aquellas universidades y demás personas o entidades que la ley determine, podrán establecer, operar y mantener estaciones de televisión.",147,147
"","","","","","",""
"","","","","","",""
121,completa,0,13º.- El derecho a reunirse pacíficamente sin permiso previo y sin armas.,13º.- El derecho a reunirse pacíficamente sin permiso previo y sin armas.,73,73
122,completa,0,"Las reuniones en las plazas, calles y demás lugares de uso público, se regirán por las disposiciones generales de policía;","Las reuniones en las plazas, calles y demás lugares de uso público, se regirán por las disposiciones generales de policía;",122,122
123,completa,0,"14º.- El derecho de presentar peticiones a la autoridad, sobre cualquier asunto de interés público o privado, sin otra limitación que la de proceder en términos respetuosos y convenientes;","14º.- El derecho de presentar peticiones a la autoridad, sobre cualquier asunto de interés público o privado, sin otra limitación que la de proceder en términos respetuosos y convenientes;",188,188
124,completa,0,15º.- El derecho de asociarse sin permiso previo.,15º.- El derecho de asociarse sin permiso previo.,49,49
125,completa,0,"Para gozar de personalidad jurídica, las asociaciones deberán constituirse en conformidad a la ley.","Para gozar de personalidad jurídica, las asociaciones deberán constituirse en conformidad a la ley.",99,99
"","","","","","",""
"","","","","","",""
128,completa,0,16º.- La libertad de trabajo y su protección.,16º.- La libertad de trabajo y su protección.,45,45
129,completa,0,Toda persona tiene derecho a la libre contratación y a la libre elección del trabajo con una justa retribución.,Toda persona tiene derecho a la libre contratación y a la libre elección del trabajo con una justa retribución.,111,111
130,completa,0,"Se prohíbe cualquiera discriminación que no se base en la capacidad o idoneidad personal, sin perjuicio de que la ley pueda exigir la nacionalidad chilena o límites de edad para determinados casos.","Se prohíbe cualquiera discriminación que no se base en la capacidad o idoneidad personal, sin perjuicio de que la ley pueda exigir la nacionalidad chilena o límites de edad para determinados casos.",197,197
"","","","","","",""
132,completa,0,"La negociación colectiva con la empresa en que laboren es un derecho de los trabajadores, salvo los casos en que la ley expresamente no permita negociar. La ley establecerá las modalidades de la negociación colectiva y los procedimientos adecuados para lograr en ella una solución justa y pacífica. La ley señalará los casos en que la negociación colectiva deba someterse a arbitraje obligatorio, el que corresponderá a tribunales especiales de expertos cuya organización y atribuciones se establecerán en ella.","La negociación colectiva con la empresa en que laboren es un derecho de los trabajadores, salvo los casos en que la ley expresamente no permita negociar. La ley establecerá las modalidades de la negociación colectiva y los procedimientos adecuados para lograr en ella una solución justa y pacífica. La ley señalará los casos en que la negociación colectiva deba someterse a arbitraje obligatorio, el que corresponderá a tribunales especiales de expertos cuya organización y atribuciones se establecerán en ella.",511,511
133,completa,0,"No podrán declararse en huelga los funcionarios del Estado ni de las municipalidades. Tampoco podrán hacerlo las personas que trabajen en corporaciones o empresas, cualquiera que sea su naturaleza, finalidad o función, que atiendan servicios de utilidad pública o cuya paralización cause grave daño a la salud, a la economía del país, al abastecimiento de la población o a la seguridad nacional. La ley establecerá los procedimientos para determinar las corporaciones o empresas cuyos trabajadores estarán sometidos a la prohibición que establece este inciso;","No podrán declararse en huelga los funcionarios del Estado ni de las municipalidades. Tampoco podrán hacerlo las personas que trabajen en corporaciones o empresas, cualquiera que sea su naturaleza, finalidad o función, que atiendan servicios de utilidad pública o cuya paralización cause grave daño a la salud, a la economía del país, al abastecimiento de la población o a la seguridad nacional. La ley establecerá los procedimientos para determinar las corporaciones o empresas cuyos trabajadores estarán sometidos a la prohibición que establece este inciso;",559,559
134,completa,0,"17º.- La admisión a todas las funciones y empleos públicos, sin otros requisitos que los que impongan la Constitución y las leyes;","17º.- La admisión a todas las funciones y empleos públicos, sin otros requisitos que los que impongan la Constitución y las leyes;",130,130
135,completa,0,18º.- El derecho a la seguridad social.,18º.- El derecho a la seguridad social.,39,39
136,completa,0,Las leyes que regulen el ejercicio de este derecho serán de quórum calificado.,Las leyes que regulen el ejercicio de este derecho serán de quórum calificado.,78,78
137,completa,0,"La acción del Estado estará dirigida a garantizar el acceso de todos los habitantes al goce de prestaciones básicas uniformes, sea que se otorguen a través de instituciones públicas o privadas. La ley podrá establecer cotizaciones obligatorias.","La acción del Estado estará dirigida a garantizar el acceso de todos los habitantes al goce de prestaciones básicas uniformes, sea que se otorguen a través de instituciones públicas o privadas. La ley podrá establecer cotizaciones obligatorias.",244,244
138,completa,0,El Estado supervigilará el adecuado ejercicio del derecho a la seguridad social;,El Estado supervigilará el adecuado ejercicio del derecho a la seguridad social;,80,80
139,completa,0,19º.- El derecho de sindicarse en los casos y forma que señale la ley. La afiliación sindical será siempre voluntaria.,19º.- El derecho de sindicarse en los casos y forma que señale la ley. La afiliación sindical será siempre voluntaria.,118,118
"","","","","","",""
141,completa,0,"20º.- La igual repartición de los tributos en proporción a las rentas o en la progresión o forma que fije la ley, y la igual repartición de las demás cargas públicas.","20º.- La igual repartición de los tributos en proporción a las rentas o en la progresión o forma que fije la ley, y la igual repartición de las demás cargas públicas.",166,166
142,completa,0,En ningún caso la ley podrá establecer tributos manifiestamente desproporcionados o injustos.,En ningún caso la ley podrá establecer tributos manifiestamente desproporcionados o injustos.,93,93
143,completa,0,"Los tributos que se recauden, cualquiera que sea su naturaleza, ingresarán al patrimonio de la Nación y no podrán estar afectos a un destino determinado.","Los tributos que se recauden, cualquiera que sea su naturaleza, ingresarán al patrimonio de la Nación y no podrán estar afectos a un destino determinado.",153,153
"","","","","","",""
145,completa,0,"21º.- El derecho a desarrollar cualquiera actividad económica que no sea contraria a la moral, al orden público o a la seguridad nacional, respetando las normas legales que la regulen.","21º.- El derecho a desarrollar cualquiera actividad económica que no sea contraria a la moral, al orden público o a la seguridad nacional, respetando las normas legales que la regulen.",184,184
146,completa,0,"El Estado y sus organismos podrán desarrollar actividades empresariales o participar en ellas sólo si una ley de quórum calificado los autoriza. En tal caso, esas actividades estarán sometidas a la legislación común aplicable a los particulares, sin perjuicio de las excepciones que por motivos justificados establezca la ley, la que deberá ser, asimismo, de quórum calificado;","El Estado y sus organismos podrán desarrollar actividades empresariales o participar en ellas sólo si una ley de quórum calificado los autoriza. En tal caso, esas actividades estarán sometidas a la legislación común aplicable a los particulares, sin perjuicio de las excepciones que por motivos justificados establezca la ley, la que deberá ser, asimismo, de quórum calificado;",377,377
147,completa,0,22º.- La no discriminación arbitraria en el trato que deben dar el Estado y sus organismos en materia económica.,22º.- La no discriminación arbitraria en el trato que deben dar el Estado y sus organismos en materia económica.,112,112
148,completa,0,"Sólo en virtud de una ley, y siempre que no signifique tal discriminación, se podrán autorizar determinados beneficios directos o indirectos en favor de algún sector, actividad o zona geográfica, o establecer gravámenes especiales que afecten a uno u otras. En el caso de las franquicias o beneficios indirectos, la estimación del costo de éstos deberá incluirse anualmente en la Ley de Presupuestos;","Sólo en virtud de una ley, y siempre que no signifique tal discriminación, se podrán autorizar determinados beneficios directos o indirectos en favor de algún sector, actividad o zona geográfica, o establecer gravámenes especiales que afecten a uno u otras. En el caso de las franquicias o beneficios indirectos, la estimación del costo de éstos deberá incluirse anualmente en la Ley de Presupuestos;",400,400
149,completa,0,"23º.- La libertad para adquirir el dominio de toda clase de bienes, excepto aquellos que la naturaleza ha hecho comunes a todos los hombres o que deban pertenecer a la Nación toda y la ley lo declare así. Lo anterior es sin perjuicio de lo prescrito en otros preceptos de esta Constitución.","23º.- La libertad para adquirir el dominio de toda clase de bienes, excepto aquellos que la naturaleza ha hecho comunes a todos los hombres o que deban pertenecer a la Nación toda y la ley lo declare así. Lo anterior es sin perjuicio de lo prescrito en otros preceptos de esta Constitución.",290,290
150,completa,0,Una ley de quórum calificado y cuando así lo exija el interés nacional puede establecer limitaciones o requisitos para la adquisición del dominio de algunos bienes;,Una ley de quórum calificado y cuando así lo exija el interés nacional puede establecer limitaciones o requisitos para la adquisición del dominio de algunos bienes;,164,164
151,completa,0,24º.- El derecho de propiedad en sus diversas especies sobre toda clase de bienes corporales o incorporales.,24º.- El derecho de propiedad en sus diversas especies sobre toda clase de bienes corporales o incorporales.,108,108
152,completa,0,"Sólo la ley puede establecer el modo de adquirir la propiedad, de usar, gozar y disponer de ella y las limitaciones y obligaciones que deriven de su función social. Esta comprende cuanto exijan los intereses generales de la Nación, la seguridad nacional, la utilidad y la salubridad públicas y la conservación del patrimonio ambiental.","Sólo la ley puede establecer el modo de adquirir la propiedad, de usar, gozar y disponer de ella y las limitaciones y obligaciones que deriven de su función social. Esta comprende cuanto exijan los intereses generales de la Nación, la seguridad nacional, la utilidad y la salubridad públicas y la conservación del patrimonio ambiental.",335,335
153,completa,0,"Nadie puede, en caso alguno, ser privado de su propiedad, del bien sobre que recae o de alguno de los atributos o facultades esenciales del dominio, sino en virtud de ley general o especial que autorice la expropiación por causa de utilidad pública o de interés nacional, calificada por el legislador. El expropiado podrá reclamar de la legalidad del acto expropiatorio ante los tribunales ordinarios y tendrá siempre derecho a indemnización por el daño patrimonial efectivamente causado, la que se fijará de común acuerdo o en sentencia dictada conforme a derecho por dichos tribunales.","Nadie puede, en caso alguno, ser privado de su propiedad, del bien sobre que recae o de alguno de los atributos o facultades esenciales del dominio, sino en virtud de ley general o especial que autorice la expropiación por causa de utilidad pública o de interés nacional, calificada por el legislador. El expropiado podrá reclamar de la legalidad del acto expropiatorio ante los tribunales ordinarios y tendrá siempre derecho a indemnización por el daño patrimonial efectivamente causado, la que se fijará de común acuerdo o en sentencia dictada conforme a derecho por dichos tribunales.",587,587
"","","","","","",""
155,completa,0,"El Estado tiene el dominio absoluto, exclusivo, inalienable e imprescriptible de todas las minas, comprendiéndose en éstas las covaderas, las arenas metalíferas, los salares, los depósitos de carbón e hidrocarburos y las demás sustancias fósiles, con excepción de las arcillas superficiales, no obstante la propiedad de las personas naturales o jurídicas sobre los terrenos en cuyas entrañas estuvieren situadas. Los predios superficiales estarán sujetos a las obligaciones y limitaciones que la ley señale para facilitar la exploración, la explotación y el beneficio de dichas minas.","El Estado tiene el dominio absoluto, exclusivo, inalienable e imprescriptible de todas las minas, comprendiéndose en éstas las covaderas, las arenas metalíferas, los salares, los depósitos de carbón e hidrocarburos y las demás sustancias fósiles, con excepción de las arcillas superficiales, no obstante la propiedad de las personas naturales o jurídicas sobre los terrenos en cuyas entrañas estuvieren situadas. Los predios superficiales estarán sujetos a las obligaciones y limitaciones que la ley señale para facilitar la exploración, la explotación y el beneficio de dichas minas.",584,584
156,completa,0,"Corresponde a la ley determinar qué sustancias de aquellas a que se refiere el inciso precedente, exceptuados los hidrocarburos líquidos o gaseosos, pueden ser objeto de concesiones de exploración o de explotación. Dichas concesiones se constituirán siempre por resolución judicial y tendrán la duración, conferirán los derechos e impondrán las obligaciones que la ley exprese, la que tendrá el carácter de orgánica constitucional. La concesión minera obliga al dueño a desarrollar la actividad necesaria para satisfacer el interés público que justifica su otorgamiento. Su régimen de amparo será establecido por dicha ley, tenderá directa o indirectamente a obtener el cumplimiento de esa obligación y contemplará causales de caducidad para el caso de incumplimiento o de simple extinción del dominio sobre la concesión. En todo caso dichas causales y sus efectos deben estar establecidos al momento de otorgarse la concesión.","Corresponde a la ley determinar qué sustancias de aquellas a que se refiere el inciso precedente, exceptuados los hidrocarburos líquidos o gaseosos, pueden ser objeto de concesiones de exploración o de explotación. Dichas concesiones se constituirán siempre por resolución judicial y tendrán la duración, conferirán los derechos e impondrán las obligaciones que la ley exprese, la que tendrá el carácter de orgánica constitucional. La concesión minera obliga al dueño a desarrollar la actividad necesaria para satisfacer el interés público que justifica su otorgamiento. Su régimen de amparo será establecido por dicha ley, tenderá directa o indirectamente a obtener el cumplimiento de esa obligación y contemplará causales de caducidad para el caso de incumplimiento o de simple extinción del dominio sobre la concesión. En todo caso dichas causales y sus efectos deben estar establecidos al momento de otorgarse la concesión.",927,927
"","","","","","",""
158,completa,0,El dominio del titular sobre su concesión minera está protegido por la garantía constitucional de que trata este número.,El dominio del titular sobre su concesión minera está protegido por la garantía constitucional de que trata este número.,120,120
159,completa,0,"La exploración, la explotación o el beneficio de los yacimientos que contengan sustancias no susceptibles de concesión, podrán ejecutarse directamente por el Estado o por sus empresas, o por medio de concesiones administrativas o de contratos especiales de operación, con los requisitos y bajo las condiciones que el Presidente de la República fije, para cada caso, por decreto supremo. Esta norma se aplicará también a los yacimientos de cualquier especie existentes en las aguas marítimas sometidas a la jurisdicción nacional y a los situados, en todo o en parte, en zonas que, conforme a la ley, se determinen como de importancia para la seguridad nacional. El Presidente de la República podrá poner término, en cualquier tiempo, sin expresión de causa y con la indemnización que corresponda, a las concesiones administrativas o a los contratos de operación relativos a explotaciones ubicadas en zonas declaradas de importancia para la seguridad nacional.","La exploración, la explotación o el beneficio de los yacimientos que contengan sustancias no susceptibles de concesión, podrán ejecutarse directamente por el Estado o por sus empresas, o por medio de concesiones administrativas o de contratos especiales de operación, con los requisitos y bajo las condiciones que el Presidente de la República fije, para cada caso, por decreto supremo. Esta norma se aplicará también a los yacimientos de cualquier especie existentes en las aguas marítimas sometidas a la jurisdicción nacional y a los situados, en todo o en parte, en zonas que, conforme a la ley, se determinen como de importancia para la seguridad nacional. El Presidente de la República podrá poner término, en cualquier tiempo, sin expresión de causa y con la indemnización que corresponda, a las concesiones administrativas o a los contratos de operación relativos a explotaciones ubicadas en zonas declaradas de importancia para la seguridad nacional.",958,958
160,completa,0,"Los derechos de los particulares sobre las aguas, reconocidos o constituidos en conformidad a la ley, otorgarán a sus titulares la propiedad sobre ellos;","Los derechos de los particulares sobre las aguas, reconocidos o constituidos en conformidad a la ley, otorgarán a sus titulares la propiedad sobre ellos;",153,153
"","","","","","",""
162,completa,0,"El derecho de autor comprende la propiedad de las obras y otros derechos, como la paternidad, la edición y la integridad de la obra, todo ello en conformidad a la ley.","El derecho de autor comprende la propiedad de las obras y otros derechos, como la paternidad, la edición y la integridad de la obra, todo ello en conformidad a la ley.",167,167
163,completa,0,"Se garantiza, también, la propiedad industrial sobre las patentes de invención, marcas comerciales, modelos, procesos tecnológicos u otras creaciones análogas, por el tiempo que establezca la ley.","Se garantiza, también, la propiedad industrial sobre las patentes de invención, marcas comerciales, modelos, procesos tecnológicos u otras creaciones análogas, por el tiempo que establezca la ley.",196,196
164,completa,0,"Será aplicable a la propiedad de las creaciones intelectuales y artísticas y a la propiedad industrial lo prescrito en los incisos segundo, tercero, cuarto y quinto del número anterior, y","Será aplicable a la propiedad de las creaciones intelectuales y artísticas y a la propiedad industrial lo prescrito en los incisos segundo, tercero, cuarto y quinto del número anterior, y",187,187
165,completa,0,"26º.- La seguridad de que los preceptos legales que por mandato de la Constitución regulen o complementen las garantías que ésta establece o que las limiten en los casos en que ella lo autoriza, no podrán afectar los derechos en su esencia, ni imponer condiciones, tributos o requisitos que impidan su libre ejercicio.","26º.- La seguridad de que los preceptos legales que por mandato de la Constitución regulen o complementen las garantías que ésta establece o que las limiten en los casos en que ella lo autoriza, no podrán afectar los derechos en su esencia, ni imponer condiciones, tributos o requisitos que impidan su libre ejercicio.",318,318
"","","","","","",""
"","","","","","",""
"","","","","","",""
169,completa,0,"Artículo 21.- Todo individuo que se hallare arrestado, detenido o preso con infracción de lo dispuesto en la Constitución o en las leyes, podrá ocurrir por sí, o por cualquiera a su nombre, a la magistratura que señale la ley, a fin de que ésta ordene se guarden las formalidades legales y adopte de inmediato las providencias que juzgue necesarias para restablecer el imperio del derecho y asegurar la debida protección del afectado.","Artículo 21.- Todo individuo que se hallare arrestado, detenido o preso con infracción de lo dispuesto en la Constitución o en las leyes, podrá ocurrir por sí, o por cualquiera a su nombre, a la magistratura que señale la ley, a fin de que ésta ordene se guarden las formalidades legales y adopte de inmediato las providencias que juzgue necesarias para restablecer el imperio del derecho y asegurar la debida protección del afectado.",434,434
170,completa,0,"Esa magistratura podrá ordenar que el individuo sea traído a su presencia y su decreto será precisamente obedecido por todos los encargados de las cárceles o lugares de detención. Instruida de los antecedentes, decretará su libertad inmediata o hará que se reparen los defectos legales o pondrá al individuo a disposición del juez competente, procediendo en todo breve y sumariamente, y corrigiendo por sí esos defectos o dando cuenta a quien corresponda para que los corrija.","Esa magistratura podrá ordenar que el individuo sea traído a su presencia y su decreto será precisamente obedecido por todos los encargados de las cárceles o lugares de detención. Instruida de los antecedentes, decretará su libertad inmediata o hará que se reparen los defectos legales o pondrá al individuo a disposición del juez competente, procediendo en todo breve y sumariamente, y corrigiendo por sí esos defectos o dando cuenta a quien corresponda para que los corrija.",476,476
171,completa,0,"El mismo recurso, y en igual forma, podrá ser deducido en favor de toda persona que ilegalmente sufra cualquiera otra privación, perturbación o amenaza en su derecho a la libertad personal y seguridad individual. La respectiva magistratura dictará en tal caso las medidas indicadas en los incisos anteriores que estime conducentes para restablecer el imperio del derecho y asegurar la debida protección del afectado.","El mismo recurso, y en igual forma, podrá ser deducido en favor de toda persona que ilegalmente sufra cualquiera otra privación, perturbación o amenaza en su derecho a la libertad personal y seguridad individual. La respectiva magistratura dictará en tal caso las medidas indicadas en los incisos anteriores que estime conducentes para restablecer el imperio del derecho y asegurar la debida protección del afectado.",416,416
172,completa,0,Artículo 22.- Todo habitante de la República debe respeto a Chile y a sus emblemas nacionales.,Artículo 22.- Todo habitante de la República debe respeto a Chile y a sus emblemas nacionales.,94,94
173,completa,0,"Los chilenos tienen el deber fundamental de honrar a la patria, de defender su soberanía y de contribuir a preservar la seguridad nacional y los valores esenciales de la tradición chilena.","Los chilenos tienen el deber fundamental de honrar a la patria, de defender su soberanía y de contribuir a preservar la seguridad nacional y los valores esenciales de la tradición chilena.",188,188
174,completa,0,El servicio militar y demás cargas personales que imponga la ley son obligatorios en los términos y formas que ésta determine.,El servicio militar y demás cargas personales que imponga la ley son obligatorios en los términos y formas que ésta determine.,126,126
175,completa,0,"Los chilenos en estado de cargar armas deberán hallarse inscritos en los Registros Militares, si no están legalmente exceptuados.","Los chilenos en estado de cargar armas deberán hallarse inscritos en los Registros Militares, si no están legalmente exceptuados.",129,129
"","","","","","",""
177,completa,0,"La ley establecerá las sanciones que corresponda aplicar a los dirigentes gremiales que intervengan en actividades político partidistas y a los dirigentes de los partidos políticos, que interfieran en el funcionamiento de las organizaciones gremiales y demás grupos intermedios que la propia ley señale.","La ley establecerá las sanciones que corresponda aplicar a los dirigentes gremiales que intervengan en actividades político partidistas y a los dirigentes de los partidos políticos, que interfieran en el funcionamiento de las organizaciones gremiales y demás grupos intermedios que la propia ley señale.",303,303
"","","","","","",""
179,completa,0,Presidente de la República,Presidente de la República,26,26
180,completa,0,"Artículo 24.- El gobierno y la administración del Estado corresponden al Presidente de la República, quien es el Jefe del Estado.","Artículo 24.- El gobierno y la administración del Estado corresponden al Presidente de la República, quien es el Jefe del Estado.",129,129
"","","","","","",""
"","","","","","",""
"","","","","","",""
"","","","","","",""
"","","","","","",""
186,completa,0,"En todo caso, el Presidente de la República comunicará con la debida anticipación al Senado su decisión de ausentarse del territorio y los motivos que la justifican.","En todo caso, el Presidente de la República comunicará con la debida anticipación al Senado su decisión de ausentarse del territorio y los motivos que la justifican.",165,165
"","","","","","",""
"","","","","","",""
189,completa,0,"Para los efectos de lo dispuesto en los dos incisos precedentes, los votos en blanco y los nulos se considerarán como no emitidos.","Para los efectos de lo dispuesto en los dos incisos precedentes, los votos en blanco y los nulos se considerarán como no emitidos.",130,130
"","","","","","",""
191,completa,0,El Tribunal Calificador de Elecciones comunicará de inmediato al Presidente del Senado la proclamación de Presidente electo que haya efectuado.,El Tribunal Calificador de Elecciones comunicará de inmediato al Presidente del Senado la proclamación de Presidente electo que haya efectuado.,143,143
"","","","","","",""
193,completa,0,"En este mismo acto, el Presidente electo prestará ante el Presidente del Senado, juramento o promesa de desempeñar fielmente el cargo de Presidente de la República, conservar la independencia de la Nación, guardar y hacer guardar la Constitución y las leyes, y de inmediato asumirá sus funciones.","En este mismo acto, el Presidente electo prestará ante el Presidente del Senado, juramento o promesa de desempeñar fielmente el cargo de Presidente de la República, conservar la independencia de la Nación, guardar y hacer guardar la Constitución y las leyes, y de inmediato asumirá sus funciones.",296,296
"","","","","","",""
"","","","","","",""
"","","","","","",""
"","","","","","",""
198,completa,0,Artículo 30.- El Presidente cesará en su cargo el mismo día en que se complete su período y le sucederá el recientemente elegido.,Artículo 30.- El Presidente cesará en su cargo el mismo día en que se complete su período y le sucederá el recientemente elegido.,129,129
"","","","","","",""
200,completa,0,Artículo 32.- Son atribuciones especiales del Presidente de la República:,Artículo 32.- Son atribuciones especiales del Presidente de la República:,73,73
201,completa,0,"1º.- Concurrir a la formación de las leyes con arreglo a la Constitución, sancionarlas y promulgarlas;","1º.- Concurrir a la formación de las leyes con arreglo a la Constitución, sancionarlas y promulgarlas;",102,102
"","","","","","",""
203,completa,0,"3º.- Dictar, previa delegación de facultades del Congreso, decretos con fuerza de ley sobre las materias que señala la Constitución;","3º.- Dictar, previa delegación de facultades del Congreso, decretos con fuerza de ley sobre las materias que señala la Constitución;",132,132
"","","","","","",""
"","","","","","",""
"","","","","","",""
"","","","","","",""
"","","","","","",""
"","","","","","",""
"","","","","","",""
"","","","","","",""
"","","","","","",""
"","","","","","",""
"","","","","","",""
"","","","","","",""
"","","","","","",""
"","","","","","",""
"","","","","","",""
"","","","","","",""
"","","","","","",""
"","","","","","",""
"","","","","","",""
223,completa,0,Ministros de Estado,Ministros de Estado,19,19
224,completa,0,Artículo 33.- Los Ministros de Estado son los colaboradores directos e inmediatos del Presidente de la República en el gobierno y administración del Estado.,Artículo 33.- Los Ministros de Estado son los colaboradores directos e inmediatos del Presidente de la República en el gobierno y administración del Estado.,156,156
225,completa,0,"La ley determinará el número y organización de los Ministerios, como también el orden de precedencia de los Ministros titulares.","La ley determinará el número y organización de los Ministerios, como también el orden de precedencia de los Ministros titulares.",128,128
226,completa,0,El Presidente de la República podrá encomendar a uno o más Ministros la coordinación de la labor que corresponde a los Secretarios de Estado y las relaciones del Gobierno con el Congreso Nacional.,El Presidente de la República podrá encomendar a uno o más Ministros la coordinación de la labor que corresponde a los Secretarios de Estado y las relaciones del Gobierno con el Congreso Nacional.,196,196
227,completa,0,"Artículo 34.- Para ser nombrado Ministro se requiere ser chileno, tener cumplidos veintiún años de edad y reunir los requisitos generales para el ingreso a la Administración Pública.","Artículo 34.- Para ser nombrado Ministro se requiere ser chileno, tener cumplidos veintiún años de edad y reunir los requisitos generales para el ingreso a la Administración Pública.",182,182
228,completa,0,"En los casos de ausencia, impedimento o renuncia de un Ministro, o cuando por otra causa se produzca la vacancia del cargo, será reemplazado en la forma que establezca la ley.","En los casos de ausencia, impedimento o renuncia de un Ministro, o cuando por otra causa se produzca la vacancia del cargo, será reemplazado en la forma que establezca la ley.",175,175
229,completa,0,Artículo 35.- Los reglamentos y decretos del Presidente de la República deberán firmarse por el Ministro respectivo y no serán obedecidos sin este esencial requisito.,Artículo 35.- Los reglamentos y decretos del Presidente de la República deberán firmarse por el Ministro respectivo y no serán obedecidos sin este esencial requisito.,166,166
230,completa,0,"Los decretos e instrucciones podrán expedirse con la sola firma del Ministro respectivo, por orden del Presidente de la República, en conformidad a las normas que al efecto establezca la ley.","Los decretos e instrucciones podrán expedirse con la sola firma del Ministro respectivo, por orden del Presidente de la República, en conformidad a las normas que al efecto establezca la ley.",191,191
231,completa,0,Artículo 36.- Los Ministros serán responsables individualmente de los actos que firmaren y solidariamente de los que suscribieren o acordaren con los otros Ministros.,Artículo 36.- Los Ministros serán responsables individualmente de los actos que firmaren y solidariamente de los que suscribieren o acordaren con los otros Ministros.,166,166
232,completa,0,"Artículo 37.- Los Ministros podrán, cuando lo estimaren conveniente, asistir a las sesiones de la Cámara de Diputados o del Senado, y tomar parte en sus debates, con preferencia para hacer uso de la palabra, pero sin derecho a voto. Durante la votación podrán, sin embargo, rectificar los conceptos emitidos por cualquier diputado o senador al fundamentar su voto.","Artículo 37.- Los Ministros podrán, cuando lo estimaren conveniente, asistir a las sesiones de la Cámara de Diputados o del Senado, y tomar parte en sus debates, con preferencia para hacer uso de la palabra, pero sin derecho a voto. Durante la votación podrán, sin embargo, rectificar los conceptos emitidos por cualquier diputado o senador al fundamentar su voto.",364,364
233,completa,0,Bases generales de la Administración del Estado,Bases generales de la Administración del Estado,47,47
"","","","","","",""
"","","","","","",""
236,completa,0,Estados de excepción constitucional,Estados de excepción constitucional,35,35
"","","","","","",""
"","","","","","",""
"","","","","","",""
"","","","","","",""
"","","","","","",""
"","","","","","",""
"","","","","","",""
"","","","","","",""
"","","","","","",""
"","","","","","",""
"","","","","","",""
"","","","","","",""
"","","","","","",""
"","","","","","",""
"","","","","","",""
"","","","","","",""
"","","","","","",""
"","","","","","",""
"","","","","","",""
"","","","","","",""
"","","","","","",""
"","","","","","",""
"","","","","","",""
"","","","","","",""
"","","","","","",""
"","","","","","",""
"","","","","","",""
"","","","","","",""
265,completa,0,Composición y generación de la Cámara de Diputados y del Senado,Composición y generación de la Cámara de Diputados y del Senado,63,63
"","","","","","",""
"","","","","","",""
"","","","","","",""
"","","","","","",""
"","","","","","",""
"","","","","","",""
"","","","","","",""
"","","","","","",""
"","","","","","",""
"","","","","","",""
"","","","","","",""
"","","","","","",""
"","","","","","",""
"","","","","","",""
"","","","","","",""
"","","","","","",""
"","","","","","",""
"","","","","","",""
"","","","","","",""
285,completa,0,Atribuciones exclusivas de la Cámara de Diputados,Atribuciones exclusivas de la Cámara de Diputados,49,49
"","","","","","",""
"","","","","","",""
"","","","","","",""
289,completa,0,2) Declarar si han o no lugar las acusaciones que no menos de diez ni más de veinte de sus miembros formulen en contra de las siguientes personas:,2) Declarar si han o no lugar las acusaciones que no menos de diez ni más de veinte de sus miembros formulen en contra de las siguientes personas:,146,146
290,completa,0,"a) Del Presidente de la República, por actos de su administración que hayan comprometido gravemente el honor o la seguridad de la Nación, o infringido abiertamente la Constitución o las leyes. Esta acusación podrá interponerse mientras el Presidente esté en funciones y en los seis meses siguientes a su expiración en el cargo. Durante este último tiempo no podrá ausentarse de la República sin acuerdo de la Cámara;","a) Del Presidente de la República, por actos de su administración que hayan comprometido gravemente el honor o la seguridad de la Nación, o infringido abiertamente la Constitución o las leyes. Esta acusación podrá interponerse mientras el Presidente esté en funciones y en los seis meses siguientes a su expiración en el cargo. Durante este último tiempo no podrá ausentarse de la República sin acuerdo de la Cámara;",416,416
291,completa,0,"b) De los Ministros de Estado, por haber comprometido gravemente el honor o la seguridad de la Nación, por infringir la Constitución o las leyes o haber dejado éstas sin ejecución, y por los delitos de traición, concusión, malversación de fondos públicos y soborno;","b) De los Ministros de Estado, por haber comprometido gravemente el honor o la seguridad de la Nación, por infringir la Constitución o las leyes o haber dejado éstas sin ejecución, y por los delitos de traición, concusión, malversación de fondos públicos y soborno;",265,265
292,completa,0,"c) De los magistrados de los tribunales superiores de justicia y del Contralor General de la República, por notable abandono de sus deberes;","c) De los magistrados de los tribunales superiores de justicia y del Contralor General de la República, por notable abandono de sus deberes;",140,140
293,completa,0,"d) De los generales o almirantes de las instituciones pertenecientes a las Fuerzas de la Defensa Nacional, por haber comprometido gravemente el honor o la seguridad de la Nación, y","d) De los generales o almirantes de las instituciones pertenecientes a las Fuerzas de la Defensa Nacional, por haber comprometido gravemente el honor o la seguridad de la Nación, y",180,180
"","","","","","",""
"","","","","","",""
296,completa,0,"Las acusaciones referidas en las letras b), c), d) y e) podrán interponerse mientras el afectado esté en funciones o en los tres meses siguientes a la expiración en su cargo. Interpuesta la acusación, el afectado no podrá ausentarse del país sin permiso de la Cámara y no podrá hacerlo en caso alguno si la acusación ya estuviere aprobada por ella.","Las acusaciones referidas en las letras b), c), d) y e) podrán interponerse mientras el afectado esté en funciones o en los tres meses siguientes a la expiración en su cargo. Interpuesta la acusación, el afectado no podrá ausentarse del país sin permiso de la Cámara y no podrá hacerlo en caso alguno si la acusación ya estuviere aprobada por ella.",348,348
"","","","","","",""
298,completa,0,En los demás casos se requerirá el de la mayoría de los diputados presentes y el acusado quedará suspendido en sus funciones desde el momento en que la Cámara declare que ha lugar la acusación. La suspensión cesará si el Senado desestimare la acusación o si no se pronunciare dentro de los treinta días siguientes.,En los demás casos se requerirá el de la mayoría de los diputados presentes y el acusado quedará suspendido en sus funciones desde el momento en que la Cámara declare que ha lugar la acusación. La suspensión cesará si el Senado desestimare la acusación o si no se pronunciare dentro de los treinta días siguientes.,314,314
299,completa,0,Atribuciones exclusivas del Senado,Atribuciones exclusivas del Senado,34,34
"","","","","","",""
301,completa,0,1) Conocer de las acusaciones que la Cámara de Diputados entable con arreglo al artículo anterior.,1) Conocer de las acusaciones que la Cámara de Diputados entable con arreglo al artículo anterior.,98,98
302,completa,0,"El Senado resolverá como jurado y se limitará a declarar si el acusado es o no culpable del delito, infracción o abuso de poder que se le imputa.","El Senado resolverá como jurado y se limitará a declarar si el acusado es o no culpable del delito, infracción o abuso de poder que se le imputa.",145,145
"","","","","","",""
304,completa,0,"Por la declaración de culpabilidad queda el acusado destituido de su cargo, y no podrá desempeñar ninguna función pública, sea o no de elección popular, por el término de cinco años.","Por la declaración de culpabilidad queda el acusado destituido de su cargo, y no podrá desempeñar ninguna función pública, sea o no de elección popular, por el término de cinco años.",182,182
305,completa,0,"El funcionario declarado culpable será juzgado de acuerdo a las leyes por el tribunal competente, tanto para la aplicación de la pena señalada al delito, si lo hubiere, cuanto para hacer efectiva la responsabilidad civil por los daños y perjuicios causados al Estado o a particulares;","El funcionario declarado culpable será juzgado de acuerdo a las leyes por el tribunal competente, tanto para la aplicación de la pena señalada al delito, si lo hubiere, cuanto para hacer efectiva la responsabilidad civil por los daños y perjuicios causados al Estado o a particulares;",284,284
306,completa,0,"2) Decidir si ha o no lugar la admisión de las acciones judiciales que cualquier persona pretenda iniciar en contra de algún Ministro de Estado, con motivo de los perjuicios que pueda haber sufrido injustamente por acto de éste en el desempeño de su cargo;","2) Decidir si ha o no lugar la admisión de las acciones judiciales que cualquier persona pretenda iniciar en contra de algún Ministro de Estado, con motivo de los perjuicios que pueda haber sufrido injustamente por acto de éste en el desempeño de su cargo;",256,256
307,completa,0,3) Conocer de las contiendas de competencia que se susciten entre las autoridades políticas o administrativas y los tribunales superiores de justicia;,3) Conocer de las contiendas de competencia que se susciten entre las autoridades políticas o administrativas y los tribunales superiores de justicia;,150,150
"","","","","","",""
309,completa,0,"5) Prestar o negar su consentimiento a los actos del Presidente de la República, en los casos en que la Constitución o la ley lo requieran.","5) Prestar o negar su consentimiento a los actos del Presidente de la República, en los casos en que la Constitución o la ley lo requieran.",139,139
310,completa,0,"Si el Senado no se pronunciare dentro de treinta días después de pedida la urgencia por el Presidente de la República, se tendrá por otorgado su asentimiento;","Si el Senado no se pronunciare dentro de treinta días después de pedida la urgencia por el Presidente de la República, se tendrá por otorgado su asentimiento;",158,158
"","","","","","",""
312,completa,0,"7) Declarar la inhabilidad del Presidente de la República o del Presidente electo cuando un impedimento físico o mental lo inhabilite para el ejercicio de sus funciones; y declarar asimismo, cuando el Presidente de la República haga dimisión de su cargo, si los motivos que la originan son o no fundados y, en consecuencia, admitirla o desecharla. En ambos casos deberá oír previamente al Tribunal Constitucional;","7) Declarar la inhabilidad del Presidente de la República o del Presidente electo cuando un impedimento físico o mental lo inhabilite para el ejercicio de sus funciones; y declarar asimismo, cuando el Presidente de la República haga dimisión de su cargo, si los motivos que la originan son o no fundados y, en consecuencia, admitirla o desecharla. En ambos casos deberá oír previamente al Tribunal Constitucional;",413,413
"","","","","","",""
"","","","","","",""
315,completa,0,10) Dar su dictamen al Presidente de la República en los casos en que éste lo solicite.,10) Dar su dictamen al Presidente de la República en los casos en que éste lo solicite.,87,87
"","","","","","",""
317,completa,0,Atribuciones exclusivas del Congreso,Atribuciones exclusivas del Congreso,36,36
"","","","","","",""
"","","","","","",""
"","","","","","",""
"","","","","","",""
"","","","","","",""
323,completa,0,Funcionamiento del Congreso,Funcionamiento del Congreso,27,27
"","","","","","",""
"","","","","","",""
"","","","","","",""
"","","","","","",""
"","","","","","",""
"","","","","","",""
"","","","","","",""
331,completa,0,Cada una de las Cámaras establecerá en su propio reglamento la clausura del debate por simple mayoría.,Cada una de las Cámaras establecerá en su propio reglamento la clausura del debate por simple mayoría.,102,102
332,completa,0,Normas comunes para los diputados y senadores,Normas comunes para los diputados y senadores,45,45
"","","","","","",""
334,completa,0,1) Los Ministros de Estado;,1) Los Ministros de Estado;,27,27
"","","","","","",""
336,completa,0,3) Los miembros del Consejo del Banco Central;,3) Los miembros del Consejo del Banco Central;,46,46
"","","","","","",""
338,completa,0,"5) Los miembros del Tribunal Constitucional, del Tribunal Calificador de Elecciones y de los tribunales electorales regionales;","5) Los miembros del Tribunal Constitucional, del Tribunal Calificador de Elecciones y de los tribunales electorales regionales;",127,127
339,completa,0,6) El Contralor General de la República;,6) El Contralor General de la República;,40,40
"","","","","","",""
"","","","","","",""
"","","","","","",""
"","","","","","",""
344,completa,0,"Asimismo, los cargos de diputados y senadores son incompatibles con las funciones de directores o consejeros, aun cuando sean ad honorem, en las entidades fiscales autónomas, semifiscales o en las empresas estatales, o en las que el Estado tenga participación por aporte de capital.","Asimismo, los cargos de diputados y senadores son incompatibles con las funciones de directores o consejeros, aun cuando sean ad honorem, en las entidades fiscales autónomas, semifiscales o en las empresas estatales, o en las que el Estado tenga participación por aporte de capital.",282,282
"","","","","","",""
"","","","","","",""
347,completa,0,"Esta disposición no rige en caso de guerra exterior; ni se aplica a los cargos de Presidente de la República, Ministro de Estado y agente diplomático; pero sólo los cargos conferidos en estado de guerra son compatibles con las funciones de diputado o senador.","Esta disposición no rige en caso de guerra exterior; ni se aplica a los cargos de Presidente de la República, Ministro de Estado y agente diplomático; pero sólo los cargos conferidos en estado de guerra son compatibles con las funciones de diputado o senador.",259,259
"","","","","","",""
"","","","","","",""
350,completa,0,"La inhabilidad a que se refiere el inciso anterior tendrá lugar sea que el diputado o senador actúe por sí o por interpósita persona, natural o jurídica, o por medio de una sociedad de personas de la que forme parte.","La inhabilidad a que se refiere el inciso anterior tendrá lugar sea que el diputado o senador actúe por sí o por interpósita persona, natural o jurídica, o por medio de una sociedad de personas de la que forme parte.",216,216
"","","","","","",""
"","","","","","",""
"","","","","","",""
"","","","","","",""
"","","","","","",""
"","","","","","",""
"","","","","","",""
358,completa,0,"En caso de ser arrestado algún diputado o senador por delito flagrante, será puesto inmediatamente a disposición del Tribunal de Alzada respectivo, con la información sumaria correspondiente. El Tribunal procederá, entonces, conforme a lo dispuesto en el inciso anterior.","En caso de ser arrestado algún diputado o senador por delito flagrante, será puesto inmediatamente a disposición del Tribunal de Alzada respectivo, con la información sumaria correspondiente. El Tribunal procederá, entonces, conforme a lo dispuesto en el inciso anterior.",271,271
"","","","","","",""
"","","","","","",""
361,completa,0,Materias de Ley,Materias de Ley,15,15
"","","","","","",""
363,completa,0,1) Las que en virtud de la Constitución deben ser objeto de leyes orgánicas constitucionales;,1) Las que en virtud de la Constitución deben ser objeto de leyes orgánicas constitucionales;,93,93
364,completa,0,2) Las que la Constitución exija que sean reguladas por una ley;,2) Las que la Constitución exija que sean reguladas por una ley;,64,64
365,completa,0,"3) Las que son objeto de codificación, sea civil, comercial, procesal, penal u otra;","3) Las que son objeto de codificación, sea civil, comercial, procesal, penal u otra;",84,84
366,completa,0,"4) Las materias básicas relativas al régimen jurídico laboral, sindical, previsional y de seguridad social;","4) Las materias básicas relativas al régimen jurídico laboral, sindical, previsional y de seguridad social;",107,107
367,completa,0,5) Las que regulen honores públicos a los grandes servidores;,5) Las que regulen honores públicos a los grandes servidores;,61,61
368,completa,0,6) Las que modifiquen la forma o características de los emblemas nacionales;,6) Las que modifiquen la forma o características de los emblemas nacionales;,76,76
369,completa,0,"7) Las que autoricen al Estado, a sus organismos y a las municipalidades, para contratar empréstitos, los que deberán estar destinados a financiar proyectos específicos. La ley deberá indicar las fuentes de recursos con cargo a los cuales deba hacerse el servicio de la deuda. Sin embargo, se requerirá de una ley de quórum calificado para autorizar la contratación de aquellos empréstitos cuyo vencimiento exceda del término de duración del respectivo período presidencial.","7) Las que autoricen al Estado, a sus organismos y a las municipalidades, para contratar empréstitos, los que deberán estar destinados a financiar proyectos específicos. La ley deberá indicar las fuentes de recursos con cargo a los cuales deba hacerse el servicio de la deuda. Sin embargo, se requerirá de una ley de quórum calificado para autorizar la contratación de aquellos empréstitos cuyo vencimiento exceda del término de duración del respectivo período presidencial.",474,474
370,completa,0,Lo dispuesto en este número no se aplicará al Banco Central;,Lo dispuesto en este número no se aplicará al Banco Central;,60,60
371,completa,0,"8) Las que autoricen la celebración de cualquier clase de operaciones que puedan comprometer en forma directa o indirecta el crédito o la responsabilidad financiera del Estado, sus organismos y de las municipalidades.","8) Las que autoricen la celebración de cualquier clase de operaciones que puedan comprometer en forma directa o indirecta el crédito o la responsabilidad financiera del Estado, sus organismos y de las municipalidades.",217,217
372,completa,0,Esta disposición no se aplicará al Banco Central;,Esta disposición no se aplicará al Banco Central;,49,49
373,completa,0,"9) Las que fijen las normas con arreglo a las cuales las empresas del Estado y aquellas en que éste tenga participación puedan contratar empréstitos, los que en ningún caso, podrán efectuarse con el Estado, sus organismos o empresas;","9) Las que fijen las normas con arreglo a las cuales las empresas del Estado y aquellas en que éste tenga participación puedan contratar empréstitos, los que en ningún caso, podrán efectuarse con el Estado, sus organismos o empresas;",233,233
374,completa,0,10) Las que fijen las normas sobre enajenación de bienes del Estado o de las municipalidades y sobre su arrendamiento o concesión;,10) Las que fijen las normas sobre enajenación de bienes del Estado o de las municipalidades y sobre su arrendamiento o concesión;,130,130
375,completa,0,11) Las que establezcan o modifiquen la división política y administrativa del país;,11) Las que establezcan o modifiquen la división política y administrativa del país;,84,84
376,completa,0,"12) Las que señalen el valor, tipo y denominación de las monedas y el sistema de pesos y medidas;","12) Las que señalen el valor, tipo y denominación de las monedas y el sistema de pesos y medidas;",97,97
377,completa,0,"13) Las que fijen las fuerzas de aire, mar y tierra que han de mantenerse en pie en tiempo de paz o de guerra, y las normas para permitir la entrada de tropas extranjeras en el territorio de la República, como, asimismo, la salida de tropas nacionales fuera de él;","13) Las que fijen las fuerzas de aire, mar y tierra que han de mantenerse en pie en tiempo de paz o de guerra, y las normas para permitir la entrada de tropas extranjeras en el territorio de la República, como, asimismo, la salida de tropas nacionales fuera de él;",264,264
378,completa,0,14) Las demás que la Constitución señale como leyes de iniciativa exclusiva del Presidente de la República;,14) Las demás que la Constitución señale como leyes de iniciativa exclusiva del Presidente de la República;,107,107
379,completa,0,"15) Las que autoricen la declaración de guerra, a propuesta del Presidente de la República;","15) Las que autoricen la declaración de guerra, a propuesta del Presidente de la República;",91,91
"","","","","","",""
381,completa,0,"17) Las que señalen la ciudad en que debe residir el Presidente de la República, celebrar sus sesiones el Congreso Nacional y funcionar la Corte Suprema y el Tribunal Constitucional;","17) Las que señalen la ciudad en que debe residir el Presidente de la República, celebrar sus sesiones el Congreso Nacional y funcionar la Corte Suprema y el Tribunal Constitucional;",182,182
382,completa,0,18) Las que fijen las bases de los procedimientos que rigen los actos de la administración pública;,18) Las que fijen las bases de los procedimientos que rigen los actos de la administración pública;,99,99
383,completa,0,"19) Las que regulen el funcionamiento de loterías, hipódromos y apuestas en general, y","19) Las que regulen el funcionamiento de loterías, hipódromos y apuestas en general, y",86,86
384,completa,0,20) Toda otra norma de carácter general y obligatoria que estatuya las bases esenciales de un ordenamiento jurídico.,20) Toda otra norma de carácter general y obligatoria que estatuya las bases esenciales de un ordenamiento jurídico.,116,116
"","","","","","",""
386,completa,0,"Esta autorización no podrá extenderse a la nacionalidad, la ciudadanía, las elecciones ni al plebiscito, como tampoco a materias comprendidas en las garantías constitucionales o que deban ser objeto de leyes orgánicas constitucionales o de quórum calificado.","Esta autorización no podrá extenderse a la nacionalidad, la ciudadanía, las elecciones ni al plebiscito, como tampoco a materias comprendidas en las garantías constitucionales o que deban ser objeto de leyes orgánicas constitucionales o de quórum calificado.",258,258
387,completa,0,"La autorización no podrá comprender facultades que afecten a la organización, atribuciones y régimen de los funcionarios del Poder Judicial, del Congreso Nacional, del Tribunal Constitucional ni de la Contraloría General de la República.","La autorización no podrá comprender facultades que afecten a la organización, atribuciones y régimen de los funcionarios del Poder Judicial, del Congreso Nacional, del Tribunal Constitucional ni de la Contraloría General de la República.",237,237
388,completa,0,"La ley que otorgue la referida autorización señalará las materias precisas sobre las que recaerá la delegación y podrá establecer o determinar las limitaciones, restricciones y formalidades que se estimen convenientes.","La ley que otorgue la referida autorización señalará las materias precisas sobre las que recaerá la delegación y podrá establecer o determinar las limitaciones, restricciones y formalidades que se estimen convenientes.",218,218
"","","","","","",""
390,completa,0,"Los decretos con fuerza de ley estarán sometidos en cuanto a su publicación, vigencia y efectos, a las mismas normas que rigen para la ley.","Los decretos con fuerza de ley estarán sometidos en cuanto a su publicación, vigencia y efectos, a las mismas normas que rigen para la ley.",139,139
391,completa,0,Formación de la ley,Formación de la ley,19,19
"","","","","","",""
"","","","","","",""
"","","","","","",""
395,completa,0,"Corresponderá, asimismo, al Presidente de la República la iniciativa exclusiva para:","Corresponderá, asimismo, al Presidente de la República la iniciativa exclusiva para:",84,84
396,completa,0,"1º.- Imponer, suprimir, reducir o condonar tributos de cualquier clase o naturaleza, establecer exenciones o modificar las existentes, y determinar su forma, proporcionalidad o progresión;","1º.- Imponer, suprimir, reducir o condonar tributos de cualquier clase o naturaleza, establecer exenciones o modificar las existentes, y determinar su forma, proporcionalidad o progresión;",188,188
"","","","","","",""
"","","","","","",""
"","","","","","",""
400,completa,0,"5º.- Establecer las modalidades y procedimientos de la negociación colectiva y determinar los casos en que no se podrá negociar, y","5º.- Establecer las modalidades y procedimientos de la negociación colectiva y determinar los casos en que no se podrá negociar, y",130,130
401,completa,0,"6º.- Establecer o modificar las normas sobre seguridad social o que incidan en ella, tanto del sector público como del sector privado.","6º.- Establecer o modificar las normas sobre seguridad social o que incidan en ella, tanto del sector público como del sector privado.",134,134
402,completa,0,"El Congreso Nacional sólo podrá aceptar, disminuir o rechazar los servicios, empleos, emolumentos, préstamos, beneficios, gastos y demás iniciativas sobre la materia que proponga el Presidente de la República.","El Congreso Nacional sólo podrá aceptar, disminuir o rechazar los servicios, empleos, emolumentos, préstamos, beneficios, gastos y demás iniciativas sobre la materia que proponga el Presidente de la República.",209,209
"","","","","","",""
"","","","","","",""
"","","","","","",""
"","","","","","",""
407,completa,0,"La estimación del rendimiento de los recursos que consulta la Ley de Presupuestos y de los nuevos que establezca cualquiera otra iniciativa de ley, corresponderá exclusivamente al Presidente, previo informe de los organismos técnicos respectivos.","La estimación del rendimiento de los recursos que consulta la Ley de Presupuestos y de los nuevos que establezca cualquiera otra iniciativa de ley, corresponderá exclusivamente al Presidente, previo informe de los organismos técnicos respectivos.",246,246
"","","","","","",""
"","","","","","",""
"","","","","","",""
"","","","","","",""
"","","","","","",""
"","","","","","",""
"","","","","","",""
"","","","","","",""
"","","","","","",""
417,completa,0,"En ningún caso se admitirán las observaciones que no tengan relación directa con las ideas matrices o fundamentales del proyecto, a menos que hubieran sido consideradas en el mensaje respectivo.","En ningún caso se admitirán las observaciones que no tengan relación directa con las ideas matrices o fundamentales del proyecto, a menos que hubieran sido consideradas en el mensaje respectivo.",194,194
418,completa,0,"Si las dos Cámaras aprobaren las observaciones, el proyecto tendrá fuerza de ley y se devolverá al Presidente para su promulgación.","Si las dos Cámaras aprobaren las observaciones, el proyecto tendrá fuerza de ley y se devolverá al Presidente para su promulgación.",131,131
419,completa,0,"Si las dos Cámaras desecharen todas o algunas de las observaciones e insistieren por los dos tercios de sus miembros presentes en la totalidad o parte del proyecto aprobado por ellas, se devolverá al Presidente para su promulgación.","Si las dos Cámaras desecharen todas o algunas de las observaciones e insistieren por los dos tercios de sus miembros presentes en la totalidad o parte del proyecto aprobado por ellas, se devolverá al Presidente para su promulgación.",232,232
"","","","","","",""
"","","","","","",""
422,completa,0,"La promulgación deberá hacerse siempre dentro del plazo de diez días, contados desde que ella sea procedente.","La promulgación deberá hacerse siempre dentro del plazo de diez días, contados desde que ella sea procedente.",109,109
423,completa,0,La publicación se hará dentro de los cinco días hábiles siguientes a la fecha en que quede totalmente tramitado el decreto promulgatorio.,La publicación se hará dentro de los cinco días hábiles siguientes a la fecha en que quede totalmente tramitado el decreto promulgatorio.,137,137
"","","","","","",""
"","","","","","",""
426,completa,0,"Reclamada su intervención en forma legal y en negocios de su competencia, no podrán excusarse de ejercer su autoridad, ni aun por falta de ley que resuelva la contienda o asunto sometidos a su decisión.","Reclamada su intervención en forma legal y en negocios de su competencia, no podrán excusarse de ejercer su autoridad, ni aun por falta de ley que resuelva la contienda o asunto sometidos a su decisión.",202,202
"","","","","","",""
428,completa,0,"La autoridad requerida deberá cumplir sin más trámite el mandato judicial y no podrá calificar su fundamento u oportunidad, ni la justicia o legalidad de la resolución que se trata de ejecutar.","La autoridad requerida deberá cumplir sin más trámite el mandato judicial y no podrá calificar su fundamento u oportunidad, ni la justicia o legalidad de la resolución que se trata de ejecutar.",193,193
"","","","","","",""
"","","","","","",""
"","","","","","",""
"","","","","","",""
"","","","","","",""
434,completa,0,"Los jueces letrados serán designados por el Presidente de la República, a propuesta en terna de la Corte de Apelaciones de la jurisdicción respectiva.","Los jueces letrados serán designados por el Presidente de la República, a propuesta en terna de la Corte de Apelaciones de la jurisdicción respectiva.",150,150
"","","","","","",""
"","","","","","",""
"","","","","","",""
438,completa,0,"Tratándose de los miembros de la Corte Suprema, la ley determinará los casos y el modo de hacer efectiva esta responsabilidad.","Tratándose de los miembros de la Corte Suprema, la ley determinará los casos y el modo de hacer efectiva esta responsabilidad.",126,126
"","","","","","",""
"","","","","","",""
"","","","","","",""
"","","","","","",""
"","","","","","",""
"","","","","","",""
"","","","","","",""
"","","","","","",""
"","","","","","",""
"","","","","","",""
"","","","","","",""
"","","","","","",""
"","","","","","",""
"","","","","","",""
"","","","","","",""
"","","","","","",""
"","","","","","",""
"","","","","","",""
"","","","","","",""
"","","","","","",""
"","","","","","",""
"","","","","","",""
"","","","","","",""
"","","","","","",""
"","","","","","",""
"","","","","","",""
"","","","","","",""
"","","","","","",""
"","","","","","",""
"","","","","","",""
"","","","","","",""
"","","","","","",""
"","","","","","",""
"","","","","","",""
"","","","","","",""
"","","","","","",""
475,completa,0,"El Tribunal deberá resolver dentro del plazo de diez días contado desde que reciba el requerimiento, a menos que decida prorrogarlo hasta por otros diez días por motivos graves y calificados.","El Tribunal deberá resolver dentro del plazo de diez días contado desde que reciba el requerimiento, a menos que decida prorrogarlo hasta por otros diez días por motivos graves y calificados.",191,191
476,completa,0,"El requerimiento no suspenderá la tramitación del proyecto; pero la parte impugnada de éste no podrá ser promulgada hasta la expiración del plazo referido, salvo que se trate del proyecto de Ley de Presupuestos o del proyecto relativo a la declaración de guerra propuesta por el Presidente de la República.","El requerimiento no suspenderá la tramitación del proyecto; pero la parte impugnada de éste no podrá ser promulgada hasta la expiración del plazo referido, salvo que se trate del proyecto de Ley de Presupuestos o del proyecto relativo a la declaración de guerra propuesta por el Presidente de la República.",306,306
"","","","","","",""
"","","","","","",""
"","","","","","",""
"","","","","","",""
"","","","","","",""
"","","","","","",""
"","","","","","",""
"","","","","","",""
"","","","","","",""
"","","","","","",""
"","","","","","",""
"","","","","","",""
"","","","","","",""
"","","","","","",""
"","","","","","",""
492,completa,0,Estará constituido por cinco miembros designados en la siguiente forma:,Estará constituido por cinco miembros designados en la siguiente forma:,71,71
"","","","","","",""
"","","","","","",""
"","","","","","",""
"","","","","","",""
"","","","","","",""
"","","","","","",""
"","","","","","",""
"","","","","","",""
501,completa,0,"Estos tribunales estarán constituidos por un ministro de la Corte de Apelaciones respectiva, elegido por ésta, y por dos miembros designados por el Tribunal Calificador de Elecciones de entre personas que hayan ejercido la profesión de abogado o desempeñado la función de ministro o abogado integrante de Corte de Apelaciones por un plazo no inferior a tres años.","Estos tribunales estarán constituidos por un ministro de la Corte de Apelaciones respectiva, elegido por ésta, y por dos miembros designados por el Tribunal Calificador de Elecciones de entre personas que hayan ejercido la profesión de abogado o desempeñado la función de ministro o abogado integrante de Corte de Apelaciones por un plazo no inferior a tres años.",363,363
"","","","","","",""
"","","","","","",""
"","","","","","",""
"","","","","","",""
"","","","","","",""
"","","","","","",""
"","","","","","",""
"","","","","","",""
510,completa,0,"Corresponderá, asimismo, al Contralor General de la República tomar razón de los decretos con fuerza de ley, debiendo representarlos cuando ellos excedan o contravengan la ley delegatoria o sean contrarios a la Constitución.","Corresponderá, asimismo, al Contralor General de la República tomar razón de los decretos con fuerza de ley, debiendo representarlos cuando ellos excedan o contravengan la ley delegatoria o sean contrarios a la Constitución.",224,224
511,completa,0,"Si la representación tuviere lugar con respecto a un decreto con fuerza de ley, a un decreto promulgatorio de una ley o de una reforma constitucional por apartarse del texto aprobado, o a un decreto o resolución por ser contrario a la Constitución, el Presidente de la República no tendrá la facultad de insistir, y en caso de no conformarse con la representación de la Contraloría deberá remitir los antecedentes al Tribunal Constitucional dentro del plazo de diez días, a fin de que éste resuelva la controversia.","Si la representación tuviere lugar con respecto a un decreto con fuerza de ley, a un decreto promulgatorio de una ley o de una reforma constitucional por apartarse del texto aprobado, o a un decreto o resolución por ser contrario a la Constitución, el Presidente de la República no tendrá la facultad de insistir, y en caso de no conformarse con la representación de la Contraloría deberá remitir los antecedentes al Tribunal Constitucional dentro del plazo de diez días, a fin de que éste resuelva la controversia.",515,515
512,completa,0,"En lo demás, la organización, el funcionamiento y las atribuciones de la Contraloría General de la República serán materia de una ley orgánica constitucional.","En lo demás, la organización, el funcionamiento y las atribuciones de la Contraloría General de la República serán materia de una ley orgánica constitucional.",158,158
"","","","","","",""
"","","","","","",""
"","","","","","",""
"","","","","","",""
"","","","","","",""
"","","","","","",""
"","","","","","",""
"","","","","","",""
"","","","","","",""
"","","","","","",""
"","","","","","",""
"","","","","","",""
"","","","","","",""
"","","","","","",""
"","","","","","",""
"","","","","","",""
"","","","","","",""
"","","","","","",""
"","","","","","",""
"","","","","","",""
"","","","","","",""
"","","","","","",""
"","","","","","",""
"","","","","","",""
"","","","","","",""
"","","","","","",""
"","","","","","",""
"","","","","","",""
541,completa,0,Ningún gasto público o préstamo podrá financiarse con créditos directos o indirectos del Banco Central.,Ningún gasto público o préstamo podrá financiarse con créditos directos o indirectos del Banco Central.,103,103
"","","","","","",""
543,completa,0,"El Banco Central no podrá adoptar ningún acuerdo que signifique de una manera directa o indirecta establecer normas o requisitos diferentes o discriminatorios en relación a personas, instituciones o entidades que realicen operaciones de la misma naturaleza.","El Banco Central no podrá adoptar ningún acuerdo que signifique de una manera directa o indirecta establecer normas o requisitos diferentes o discriminatorios en relación a personas, instituciones o entidades que realicen operaciones de la misma naturaleza.",257,257
"","","","","","",""
"","","","","","",""
"","","","","","",""
547,completa,0,Gobierno y Administración Regional,Gobierno y Administración Regional,34,34
"","","","","","",""
"","","","","","",""
"","","","","","",""
"","","","","","",""
"","","","","","",""
"","","","","","",""
"","","","","","",""
"","","","","","",""
"","","","","","",""
"","","","","","",""
558,completa,0,Gobierno y Administración Provincial,Gobierno y Administración Provincial,36,36
"","","","","","",""
"","","","","","",""
"","","","","","",""
562,completa,0,Administración Comunal,Administración Comunal,22,22
"","","","","","",""
"","","","","","",""
"","","","","","",""
"","","","","","",""
"","","","","","",""
"","","","","","",""
"","","","","","",""
"","","","","","",""
"","","","","","",""
"","","","","","",""
"","","","","","",""
"","","","","","",""
575,completa,0,Disposiciones Generales,Disposiciones Generales,23,23
"","","","","","",""
"","","","","","",""
"","","","","","",""
"","","","","","",""
"","","","","","",""
"","","","","","",""
"","","","","","",""
"","","","","","",""
"","","","","","",""
"","","","","","",""
"","","","","","",""
"","","","","","",""
"","","","","","",""
"","","","","","",""
"","","","","","",""
"","","","","","",""
"","","","","","",""
"","","","","","",""
"","","","","","",""
"","","","","","",""
"","","","","","",""
"","","","","","",""
"","","","","","",""
"","","","","","",""
"","","","","","",""
"","","","","","",""
"","","","","","",""
